{
  "templates": [
    {
      "name": "GLINK典型模板",
      "id": "glink_std",
      "fields": [
        {
          "seq": 1,
          "element": "时间",
          "dtype": "UINT32",
          "range": "",
          "remark": "时间戳",
          "value": "0x00000000",
          "editable": false,
          "auto_calc": "timestamp"
        },
        {
          "seq": 2,
          "element": "消息控制字",
          "dtype": "UINT16",
          "range": [0,1,2,3],
          "remark": "0-不计算CRC和帧序号;1-计算CRC;2-计算帧序号;3-计算CRC和帧序号",
          "value": "0x0000",
          "editable": true
        },
        {
          "seq": 3,
          "element": "消息ID",
          "dtype": "UINT16",
          "range": "",
          "remark": "",
          "value": "0x0000",
          "editable": true
        },
        {
          "seq": 4,
          "element": "帧计数",
          "dtype": "UINT16",
          "range": "",
          "remark": "时间戳",
          "value": "0x0000",
          "editable": false
        },
        {
          "seq": 5,
          "element": "数据区",
          "dtype": "UINT16_ARRAY",
          "range": "",
          "remark": "",
          "value": "",
          "editable": true
        },
        {
          "seq": 6,
          "element": "数据区crc校验和",
          "dtype": "UINT16",
          "range": "",
          "remark": "",
          "value": "0x0000",
          "editable": false,
          "auto_calc_comment": "crc可以连接数据区变化信号，但是crc的计算方式需要在解析时指定，且数据区填充时需要注意",
          "auto_calc": "crc"
        }
      ]
    },
    {
      "name": "GLINK扩展模板",
      "id": "glink_ext",
      "fields": [
        {
          "seq": 1,
          "element": "时间",
          "dtype": "UINT32",
          "range": "",
          "remark": "时间戳",
          "value": "0x00000000",
          "editable": false,
          "auto_calc": "timestamp"
        },
        {
          "seq": 2,
          "element": "消息控制字",
          "dtype": "UINT16",
          "range": "0-3",
          "remark": "0-不计算CRC和帧序号;1-计算CRC;2-计算帧序号;3-计算CRC和帧序号",
          "value": "0x0000",
          "editable": true
        },
        {
          "seq": 3,
          "element": "消息ID",
          "dtype": "UINT16",
          "range": "",
          "remark": "",
          "value": "0x0000",
          "editable": true
        },
        {
          "seq": 4,
          "element": "帧计数",
          "dtype": "UINT16",
          "range": "",
          "remark": "时间戳",
          "value": "0x0000",
          "editable": false
        },
        {
          "seq": 5,
          "element": "数据区",
          "dtype": "UINT16_ARRAY",
          "range": "",
          "remark": "",
          "value": "",
          "editable": true
        },
        {
          "seq": 6,
          "element": "数据区crc校验和",
          "dtype": "UINT16",
          "range": "",
          "remark": "",
          "value": "0x0000",
          "editable": false,
          "auto_calc_comment": "crc可以连接数据区变化信号，但是crc的计算方式需要在解析时指定，且数据区填充时需要注意",
          "auto_calc": "crc"
        }
      ]
    },
    {
      "name": "串口标准帧",
      "id": "serial_std",
      "fields": [
        {
          "seq": 1,
          "element": "帧头1",
          "dtype": "UINT8",
          "range": "0x5A",
          "remark": "",
          "value": "0x5A",
          "editable": false
        },
        {
          "seq": 2,
          "element": "帧头2",
          "dtype": "UINT8",
          "range": "0x54",
          "remark": "",
          "value": "0x54",
          "editable": false
        },
        {
          "seq": 3,
          "element": "数据区",
          "dtype": "UINT8_ARRAY",
          "range": "",
          "remark": "",
          "value": "",
          "editable": true,
          "is_data_field": true
        },
        {
          "seq": 4,
          "element": "填充字节",
          "dtype": "UINT8",
          "range": "0",
          "remark": "",
          "value": "0x00",
          "editable": false
        },
        {
          "seq": 5,
          "element": "数据区累加和",
          "dtype": "UINT8",
          "range": "",
          "remark": "超过0xff时翻转",
          "value": "0x00",
          "editable": false,
          "auto_calc": true
        },
        {
          "seq": 6,
          "element": "数据区长度",
          "dtype": "UINT8",
          "range": "",
          "remark": "单位为字节",
          "value": "0",
          "editable": false,
          "auto_calc": true
        },
        {
          "seq": 7,
          "element": "帧尾1",
          "dtype": "UINT8",
          "range": "0x5A",
          "remark": "",
          "value": "0x5A",
          "editable": false
        },
        {
          "seq": 8,
          "element": "帧尾2",
          "dtype": "UINT8",
          "range": "0xFE",
          "remark": "",
          "value": "0xFE",
          "editable": false
        }
      ]
    },
    {
      "name": "串口扩展帧",
      "id": "serial_ext",
      "fields": [        
        {
          "seq": 1,
          "element": "帧头1",
          "dtype": "UINT8",
          "range": "0x5A",
          "remark": "",
          "value": "0x5A",
          "editable": false
        },
        {
          "seq": 2,
          "element": "帧头2",
          "dtype": "UINT8",
          "range": "",
          "remark": "",
          "value": "0x54",
          "value_comment": "先看editable，若false直接再根据auto_calc 再根据range，再根据value",
          "editable": false
        },
        {
          "seq": 3,
          "element": "数据区",
          "dtype": "UINT8_ARRAY",
          "range": "",
          "remark": "",
          "value": "",
          "editable": true
        },
        {
          "seq": 4,
          "element": "填充字节",
          "dtype": "UINT8",
          "range": "",
          "remark": "",
          "value": "0x00",
          "editable": false
        },
        {
          "seq": 5,
          "element": "数据区校验和低8位",
          "dtype": "UINT8",
          "range": "",
          "remark": "超过0xff时翻转",
          "value": "0x00",
          "editable": false,
          "auto_calc": true
        },
        {
          "seq": 6,
          "element": "数据区校验和高8位",
          "dtype": "UINT8",
          "range": "",
          "remark": "超过0xff时翻转",
          "value": "0x00",
          "editable": false,
          "auto_calc_comment": "可以用None，crc，filled，length等特殊值表示，之后再解析时预设几个计算方法 ",
          "auto_calc": true
        },
        {
          "seq": 7,
          "element": "填充字节",
          "dtype": "UINT8",
          "range": "",
          "remark": "",
          "value": "0x00",
          "editable": false
        },
        {
          "seq": 8,
          "element": "数据区长度低8位",
          "dtype": "UINT8",
          "range": "",
          "remark": "",
          "value": "0x00",
          "editable": false,
          "auto_calc": true
        },
        {
          "seq": 9,
          "element": "数据区长度高8位",
          "dtype": "UINT8",
          "range": "",
          "remark": "单位为字节",
          "value": "0",
          "editable": false,
          "auto_calc": true
        },
        {
          "seq": 10,
          "element": "填充字节",
          "dtype": "UINT8",
          "range": "",
          "remark": "",
          "value": "0xAA",
          "editable": false
        },
        {
          "seq": 11,
          "element": "帧尾1",
          "dtype": "UINT8",
          "range": "",
          "remark": "",
          "value": "0x5A",
          "editable": false
        },
        {
          "seq": 12,
          "element": "帧尾2",
          "dtype": "UINT8",
          "range": "",
          "remark": "",
          "value": "0xFE",
          "editable": false
        }
      ]
    },
    {
      "name": "bus1553标准模板",
      "id": "bus1553_std",
      "fields": [
        {
          "seq": 1,
          "element": "时间",
          "dtype": "UINT32",
          "range": "",
          "remark": "时间戳",
          "value": "0x00000000",
          "editable": false,
          "auto_calc": "timestamp"
        },
        {
          "seq": 2,
          "element": "消息控制字",
          "dtype": "UINT16",
          "range": "0-3",
          "remark": "0-不计算CRC和帧序号;1-计算CRC;2-计算帧序号;3-计算CRC和帧序号",
          "value": "0x0000",
          "editable": true
        },
        {
          "seq": 3,
          "element": "消息ID",
          "dtype": "UINT16",
          "range": "",
          "remark": "",
          "value": "0x0000",
          "editable": true
        },
        {
          "seq": 4,
          "element": "帧计数",
          "dtype": "UINT16",
          "range": "",
          "remark": "时间戳",
          "value": "0x0000",
          "editable": false
        },
        {
          "seq": 6,
          "element": "数据区",
          "dtype": "UINT16_ARRAY",
          "range": "",
          "remark": "",
          "value": "",
          "editable": true
        },
        {
          "seq": 7,
          "element": "数据区crc校验和",
          "dtype": "UINT16",
          "range": "",
          "remark": "",
          "value": "0x0000",
          "editable": false,
          "auto_calc_comment": "crc可以连接数据区变化信号，但是crc的计算方式需要在解析时指定，且数据区填充时需要注意",
          "auto_calc": "crc"
        }
      ]
    },
    {
      "name": "bus1553扩展模板",
      "id": "bus1553_ext",
      "fields": [
        {
          "seq": 1,
          "element": "时间",
          "dtype": "UINT32",
          "range": "",
          "remark": "时间戳",
          "value": "0x00000000",
          "editable": false,
          "auto_calc": "timestamp"
        },
        {
          "seq": 2,
          "element": "消息控制字",
          "dtype": "UINT16",
          "range": "0-3",
          "remark": "0-不计算CRC和帧序号;1-计算CRC;2-计算帧序号;3-计算CRC和帧序号",
          "value": "0x0000",
          "editable": true
        },
        {
          "seq": 3,
          "element": "消息ID",
          "dtype": "UINT16",
          "range": "",
          "remark": "",
          "value": "0x0000",
          "editable": true
        },
        {
          "seq": 4,
          "element": "帧计数",
          "dtype": "UINT16",
          "range": "",
          "remark": "时间戳",
          "value": "0x0000",
          "editable": false
        },
        {
          "seq": 6,
          "element": "数据区",
          "dtype": "UINT16_ARRAY",
          "range": "",
          "remark": "",
          "value": "",
          "editable": true
        },
        {
          "seq": 7,
          "element": "数据区crc校验和",
          "dtype": "UINT16",
          "range": "",
          "remark": "",
          "value": "0x0000",
          "editable": false,
          "auto_calc_comment": "crc可以连接数据区变化信号，但是crc的计算方式需要在解析时指定，且数据区填充时需要注意",
          "auto_calc": "crc"
        }
      ]
    },
    {
      "name": "末尾CRC模板",
      "id": "crc_tail",
      "fields": [
      ]
    }
  ],
  "data_types": {
    "UINT8": {
      "size": 1,
      "format": "hex",
      "default": "0x00"
    },
    "UINT16": {
      "size": 2,
      "format": "hex",
      "default": "0x0000"
    },
    "UINT32": {
      "size": 4,
      "format": "hex",
      "default": "0x00000000"
    },
    "BYTE_ARRAY": {
      "size": -1,
      "format": "hex_array",
      "default": ""
    },
    "UINT16_ARRAY": {
      "size": -1,
      "format": "hex_array",
      "default": ""
    }
  }
}