{
    "input_path": "..//..//Platform//DATA//ExDriverGLink//input",
    "output_path": "..//..//Platform//DATA//ExDriverGLink//output",
    "protocols": {
        "glink": {
            "input_path": "C:/Users/hyski/Desktop/\u6d41\u7a0b\u914d\u7f6e\u5de5\u5177/\u6d41\u7a0b\u914d\u7f6e\u4ee3\u7801\u53ca\u4e0a\u6b21\u53d1\u9001\u7ed912\u6240\u7684dist\u6253\u5305/config_demo0728/xml_files",
            "output_path": "C:/Users/hyski/Desktop/\u6d41\u7a0b\u914d\u7f6e\u5de5\u5177/\u6d41\u7a0b\u914d\u7f6e\u4ee3\u7801\u53ca\u4e0a\u6b21\u53d1\u9001\u7ed912\u6240\u7684dist\u6253\u5305/config_demo0728/txt_files",
            "config_path": "C:/Users/hyski/Desktop/\u6d41\u7a0b\u914d\u7f6e\u5de5\u5177/\u6d41\u7a0b\u914d\u7f6e\u4ee3\u7801\u53ca\u4e0a\u6b21\u53d1\u9001\u7ed912\u6240\u7684dist\u6253\u5305/config_demo0728/glink.config"
        },
        "uart": {
            "input_path": "..//..//Platform//DATA//ExDriverUart//input",
            "output_path": "..//..//Platform//DATA//ExDriverUart//output",
            "config_path": "..//..//Platform//Uart//uart.config"
        },
        "bc": {
            "input_path": "..//..//Platform//DATA//ExDriverBC//input",
            "output_path": "..//..//Platform//DATA//ExDriverBC//output",
            "config_path": "..//..//Platform//BC//bc.config"
        },
        "interrupt": {
            "input_path": "..//..//Platform//DATA//ExDriverInterrupt//input",
            "output_path": "..//..//Platform//DATA//ExDriverInterrupt//output",
            "config_path": "..//..//Platform//MARS//Ports//WIN32//port.config"
        }
    }
}